crate_id,name,updated_at,created_at,downloads,repository,version
39,libz-sys,2022-05-28 05:18:05.172237,2014-11-11 06:38:26.586055,23892829,https://github.com/rust-lang/libz-sys,1.1.8
41,openssl-sys,2022-10-22 13:31:15.168899,2014-11-11 06:38:37.917011,46261124,https://github.com/sfackler/rust-openssl,0.9.77
251,bindgen,2022-10-16 19:54:05.549855,2014-11-21 10:14:40.304798,19262316,https://github.com/rust-lang/rust-bindgen,0.61.0
538,curl-sys,2022-10-27 03:00:42.535287,2014-12-12 20:33:25.230500,10145018,https://github.com/alexcrichton/curl-rust,0.4.58+curl-7.86.0
602,magic-sys,2022-08-18 17:56:53.516418,2014-12-19 14:39:39.547460,39281,https://github.com/robo9k/rust-magic-sys.git,0.3.0
694,allegro-sys,2022-08-23 08:47:31.842098,2015-01-04 02:11:11.501829,34921,https://github.com/SiegeLord/RustAllegro,0.0.44
695,allegro_image-sys,2022-08-23 08:47:34.538210,2015-01-04 02:11:15.378766,20981,https://github.com/SiegeLord/RustAllegro,0.0.44
697,allegro_acodec-sys,2022-08-23 08:47:47.776864,2015-01-04 02:11:23.618650,20375,https://github.com/SiegeLord/RustAllegro,0.0.44
698,allegro_dialog-sys,2022-08-23 08:47:50.947670,2015-01-04 02:11:28.220674,19725,https://github.com/SiegeLord/RustAllegro,0.0.44
699,allegro_primitives-sys,2022-08-23 08:47:54.283713,2015-01-04 02:11:32.707611,20650,https://github.com/SiegeLord/RustAllegro,0.0.44
700,allegro_font-sys,2022-08-23 08:47:56.592420,2015-01-04 02:11:36.903594,23148,https://github.com/SiegeLord/RustAllegro,0.0.44
701,allegro_ttf-sys,2022-08-23 08:48:11.643512,2015-01-04 02:11:42.128859,21388,https://github.com/SiegeLord/RustAllegro,0.0.44
714,sdl2-sys,2022-02-06 18:14:23.288532,2015-01-05 10:46:49.950730,914829,https://github.com/rust-sdl2/rust-sdl2,0.35.2
795,libc,2022-10-25 23:09:06.123869,2015-01-15 20:22:13.100871,145177014,https://github.com/rust-lang/libc,0.2.137
867,mozjpeg-sys,2022-08-18 14:10:48.248913,2015-01-24 17:21:00.232868,196114,https://github.com/kornelski/mozjpeg-sys.git,1.0.3
1460,libsqlite3-sys,2022-10-27 02:40:16.576826,2015-02-24 02:54:21.216860,8512888,https://github.com/rusqlite/rusqlite,0.25.2
1508,gexiv2-sys,2022-07-30 23:21:19.728852,2015-03-03 01:34:14.619405,22301,https://github.com/felixc/gexiv2-sys,1.2.0
1702,pam-sys,2022-01-19 16:49:18.203683,2015-03-22 23:27:51.394302,65046,https://github.com/1wilkens/pam-sys.git,1.0.0-alpha4
2005,python3-sys,2022-10-25 18:44:51.321407,2015-05-02 22:39:10.497618,439825,https://github.com/dgrunwald/rust-cpython/tree/master/python3-sys,0.7.1
2241,sqlite3-sys,2022-07-31 14:31:16.639163,2015-05-28 19:20:24.590253,157285,https://github.com/stainless-steel/sqlite3-sys,0.14.0
2621,c-ares-sys,2022-04-25 11:30:21.602090,2015-07-17 09:27:57.839742,56402,https://github.com/dimbleby/rust-c-ares,5.3.4
2646,webm-sys,2022-01-25 02:24:48.927498,2015-07-21 18:48:49.577895,12449,https://github.com/DiamondLovesYou/rust-webm.git,1.0.3
2869,llvm-sys,2022-10-08 02:03:16.605941,2015-08-18 18:07:20.379579,697752,https://gitlab.com/taricorp/llvm-sys.rs,150.0.3
2972,imgui-sys,2021-12-26 20:36:37.950521,2015-08-31 18:25:42.723165,394233,https://github.com/imgui-rs/imgui-rs,0.8.2
3150,wayland-sys,2022-10-13 19:09:19.749690,2015-10-03 11:08:21.431559,3759070,https://github.com/smithay/wayland-rs,0.30.0-beta.12
3519,security-framework-sys,2022-02-05 03:49:31.952828,2015-11-27 22:16:51.749519,17029943,https://github.com/kornelski/rust-security-framework,2.6.1
3706,mongoc-sys,2022-07-02 08:23:29.297102,2015-12-19 20:00:24.530009,45877,https://github.com/thijsc/mongo-rust-driver,1.22.0
3892,onig_sys,2022-08-09 06:34:18.229355,2016-01-13 19:01:01.399076,2482474,http://github.com/iwillspeak/rust-onig,69.8.1
4053,libftdi1-sys,2022-02-13 13:01:40.996720,2016-02-02 00:13:08.854965,96849,https://github.com/tanriol/libftdi1-sys,1.1.2
4247,allegro_color-sys,2022-08-23 08:48:17.281695,2016-02-22 06:48:16.695454,8571,https://github.com/SiegeLord/RustAllegro,0.0.44
4507,lzma-sys,2022-06-06 17:08:25.870275,2016-03-21 08:35:36.078685,3793565,https://github.com/alexcrichton/xz2-rs,0.1.19
5181,fitsio,2022-06-27 20:56:06.918994,2016-05-25 11:32:21.947960,19740,https://github.com/mindriot101/rust-fitsio,0.20.0
5477,lldb-sys,2022-09-15 04:26:01.465576,2016-06-24 14:31:33.372650,12416,https://github.com/endoli/lldb-sys.rs,0.0.29
5664,lcms2-sys,2022-09-22 01:23:42.653634,2016-07-14 09:43:11.141623,85980,https://github.com/kornelski/rust-lcms2-sys.git,4.0.0
6057,gbm,2022-08-29 18:48:46.377361,2016-08-21 22:22:05.472940,16932,https://github.com/Smithay/gbm.rs,0.9.0
7202,nautilus-extension-sys,2022-07-27 10:25:45.227761,2016-11-11 03:03:03.715246,3768,https://github.com/talklittle/nautilus-extension-rs,0.8.0
7211,capstone-sys,2022-05-02 06:34:18.984386,2016-11-12 06:38:49.679079,415000,https://github.com/capstone-rust/capstone-rs/tree/master/capstone-sys,0.15.0
7241,librocksdb-sys,2022-08-05 13:55:44.660870,2016-11-13 18:53:04.302098,3450582,https://github.com/rust-rocksdb/rust-rocksdb,0.8.0+7.4.4
7371,rdkafka-sys,2022-10-29 16:32:11.629082,2016-11-26 16:31:48.621807,2138791,https://github.com/fede1024/rust-rdkafka,4.3.0+1.9.2
7559,coremidi-sys,2022-03-11 20:27:58.354890,2016-12-13 07:43:46.027644,28173,https://github.com/jonas-k/coremidi-sys,3.1.0
7688,fitsio-sys-bindgen,2021-12-19 20:47:24.005068,2016-12-20 09:38:47.658204,1648,https://github.com/mindriot101/rust-fitsio,0.0.3
7907,gmp-mpfr-sys,2022-08-06 19:53:29.264497,2017-01-03 22:25:26.307265,243683,https://gitlab.com/tspiteri/gmp-mpfr-sys,1.4.10
8323,blkid-sys,2021-11-22 16:24:17.578135,2017-01-31 18:54:13.523163,200008,https://github.com/cholcombe973/blkid-sys,0.1.6
8677,tesseract-sys,2022-10-01 18:35:01.692582,2017-02-25 19:31:37.836358,28792,https://github.com/ccouzens/tesseract-sys,0.5.13
8708,libappindicator-sys,2022-06-29 01:43:07.318981,2017-02-27 05:58:50.921020,64623,,0.7.3
9055,odbc-sys,2022-02-04 08:21:49.935536,2017-03-19 22:34:05.473613,166539,https://github.com/pacman82/odbc-sys,0.21.2
10418,cbindgen,2022-06-09 20:39:00.456382,2017-04-12 15:57:46.007350,3921748,https://github.com/eqrion/cbindgen/,0.24.3
10606,input-sys,2021-12-11 16:19:06.024144,2017-04-14 20:50:32.974223,30600,https://github.com/Drakulix/input.rs/tree/master/input-sys,1.16.1
10608,input,2021-12-11 16:19:12.511326,2017-04-14 21:00:58.257830,37042,https://github.com/Drakulix/input.rs,0.7.1
13761,pcan-basic-sys,2022-05-15 11:39:05.003073,2017-05-08 20:38:54.770176,2142,https://github.com/tsabelmann/pcan-basic-sys,2.1.0
14946,nvml-wrapper-sys,2022-05-27 01:32:03.259384,2017-05-17 17:04:48.678026,227403,https://github.com/Cldfire/nvml-wrapper,0.6.0
21193,cassandra-cpp-sys,2022-03-30 11:07:21.245004,2017-06-29 11:38:21.169671,255236,https://github.com/Metaswitch/cassandra-sys-rs,1.1.0
21196,cassandra-cpp,2022-03-31 11:08:36.760731,2017-06-29 13:05:39.117846,26501,https://github.com/Metaswitch/cassandra-rs,1.1.0
24949,grpcio-sys,2022-06-28 17:20:57.199135,2017-07-25 03:45:45.693867,600871,https://github.com/tikv/grpc-rs,0.10.3+1.44.0-patched
31361,gbm-sys,2022-08-29 18:48:39.377241,2017-09-11 10:12:47.874189,13272,https://github.com/Drakulix/gbm.rs/tree/master/gbm-sys,0.2.1
33092,pwd,2022-07-25 12:44:09.729296,2017-09-25 18:52:10.651664,137673,https://gitlab.com/pwoolcoc/pwd.git,1.4.0
37926,xen-sys,2022-05-27 21:39:18.699653,2017-11-03 15:29:07.970297,1685,https://github.com/rust-vmm/xen-sys.git,0.0.0-pre2
38157,openmp-sys,2022-01-28 01:17:01.895827,2017-11-04 20:06:45.762896,28363,https://gitlab.com/kornelski/openmp-rs.git,1.2.3
38425,unwind-sys,2022-02-26 14:15:55.606156,2017-11-07 06:13:05.260819,112405,https://github.com/sfackler/rstack,0.1.3
38485,libstrophe-sys-bindgen,2022-06-27 19:21:49.990672,2017-11-07 14:52:19.733302,6700,https://github.com/twistedfall/libstrophe-sys-bindgen,5.0.0
38926,opencl-sys,2022-09-17 10:20:24.485491,2017-11-10 23:12:19.941611,1990,https://github.com/kenba/opencl-sys-rs,0.2.4
41114,nettle-sys,2022-01-31 09:20:20.641540,2017-11-30 13:40:23.025096,64287,https://gitlab.com/sequoia-pgp/nettle-sys,2.1.0
48019,cfasttext-sys,2022-02-07 02:38:16.329860,2018-01-23 09:49:42.319962,12308,https://github.com/messense/fasttext-rs,0.7.0
48020,fasttext,2022-02-07 02:38:35.762749,2018-01-23 09:52:08.701165,11991,https://github.com/messense/fasttext-rs,0.7.0
48806,vapoursynth-sys,2022-07-13 03:46:14.033091,2018-01-29 16:55:44.233692,41329,https://github.com/YaLTeR/vapoursynth-rs,0.4.0
48821,faiss-sys,2022-03-28 17:02:34.991969,2018-01-29 19:52:58.976331,8894,https://github.com/Enet4/faiss-rs,0.6.0
49140,system-configuration-sys,2022-01-04 08:44:09.672686,2018-02-01 12:06:02.133901,301724,https://github.com/mullvad/system-configuration-rs,0.5.0
52648,mpi-sys,2022-08-05 14:41:17.600650,2018-02-24 14:17:18.071336,19399,https://github.com/rsmpi/rsmpi,0.2.0
55020,vapoursynth,2022-07-13 03:46:37.346331,2018-03-11 17:12:15.323529,40003,https://github.com/YaLTeR/vapoursynth-rs,0.4.0
57887,keyvi,2022-07-22 18:39:49.880701,2018-03-28 10:19:43.375029,17972,https://github.com/KeyviDev/keyvi,0.5.6
58764,geos,2022-04-27 14:02:04.597593,2018-04-03 09:54:17.641344,31192,https://github.com/georust/geos,8.1.0
63591,gaviota-sys,2022-08-26 08:53:53.634716,2018-05-03 14:11:30.247194,5596,https://github.com/niklasf/rust-gaviota-sys,0.1.21
66234,nitrokey-sys,2022-04-30 08:44:58.366166,2018-05-19 19:26:39.457258,11478,https://git.sr.ht/~ireas/nitrokey-sys-rs,3.7.0
67740,yara-sys,2022-09-01 13:11:48.569927,2018-05-30 09:39:48.971328,131316,https://github.com/Hugal31/yara-rust,0.16.0
71162,libnfs-sys,2022-09-22 15:43:14.539460,2018-06-21 21:02:12.254473,2513,https://github.com/cholcombe973/libnfs-sys,0.2.3
82022,mnl-sys,2022-02-11 10:34:33.356240,2018-08-29 21:01:16.121516,91507,https://github.com/mullvad/mnl-rs,0.2.1
83217,libnfs,2022-09-22 15:46:55.379844,2018-09-06 20:24:43.325711,850,https://github.com/cholcombe973/libnfs,0.1.1
84153,ntapi,2022-09-23 22:02:12.049486,2018-09-11 16:14:17.942528,13266011,https://github.com/MSxDOS/ntapi,0.4.0
85545,nftnl-sys,2022-02-11 14:20:34.269068,2018-09-19 19:28:42.393633,98509,https://github.com/mullvad/nftnl-rs,0.6.1
88263,sys-mount,2022-03-09 13:15:25.873290,2018-10-05 20:13:59.153613,123890,https://github.com/pop-os/sys-mount,1.5.1
88840,newt-sys,2022-05-01 03:01:10.608150,2018-10-09 05:58:03.709143,3467,https://github.com/rtgill82/newt-sys,0.1.9
90899,opencc-rust,2022-07-21 16:57:58.502907,2018-10-16 04:49:45.059259,7303,https://github.com/magiclen/opencc-rust,1.1.13
93770,zbar-rust,2022-07-23 08:09:22.153852,2018-10-31 08:35:48.502609,14766,https://github.com/magiclen/zbar-rust,0.0.20
97382,libthemis-sys,2021-12-23 10:48:30.580041,2018-11-18 05:15:57.644655,2439,https://github.com/cossacklabs/themis,0.14.0
98750,riot-sys,2022-10-01 19:20:27.856472,2018-11-26 13:48:26.058945,8417,https://github.com/RIOT-OS/rust-riot-sys/,0.7.9
102283,allegro_memfile-sys,2022-08-23 08:48:14.130339,2018-12-17 05:44:56.850699,1810,https://github.com/SiegeLord/RustAllegro,0.0.44
109041,vswhom-sys,2022-02-15 18:05:07.885470,2019-01-16 23:26:46.791318,538227,https://github.com/nabijaczleweli/vswhom-sys.rs,0.1.1
109858,libevent-sys,2022-10-23 02:02:29.226416,2019-01-21 18:49:07.094856,113840,https://github.com/jmagnuson/libevent-rs,0.2.5
110351,raylib-sys,2021-11-07 21:16:57.142844,2019-01-24 03:43:30.749659,15856,https://github.com/deltaphc/raylib-rs,3.7.0
111268,lmdb-rkv-sys,2022-02-04 21:57:31.829640,2019-01-29 01:06:17.486883,426630,https://github.com/mozilla/lmdb-rs.git,0.11.2
114270,zfp-sys,2022-07-19 04:26:10.146388,2019-02-12 09:27:40.306243,7290,https://github.com/jvo203/zfp-sys,0.1.11
118162,torch-sys,2022-07-04 09:05:03.400211,2019-03-02 16:46:29.679374,88256,https://github.com/LaurentMazare/tch-rs,0.8.0
118751,kpathsea_sys,2021-11-29 23:02:28.977318,2019-03-04 22:51:16.757989,1598,https://github.com/dginev/rust-kpathsea,0.1.2
122405,openxr-sys,2022-10-08 18:24:21.645869,2019-03-19 03:44:41.753064,29480,https://github.com/Ralith/openxrs,0.9.3
126347,statx-sys,2022-09-02 20:21:32.137738,2019-04-07 13:21:41.069354,1524,https://github.com/oxalica/statx-sys,0.4.1
126961,fermium,2022-10-22 01:20:18.622973,2019-04-10 09:27:32.888885,47288,https://github.com/Lokathor/fermium,22401.0.0
127436,geos-sys,2022-03-23 14:31:18.083452,2019-04-12 10:01:13.988571,30022,https://github.com/georust/geos,2.0.4
130149,hunspell-sys,2022-10-24 22:27:23.336016,2019-04-25 14:58:10.876498,12150,https://github.com/euclio/hunspell-sys,0.3.1
132413,nodejs-sys,2022-10-08 19:37:55.009732,2019-05-06 16:48:47.753339,19043,https://github.com/elmarx/nodejs-sys,0.14.0
132820,boolector-sys,2021-11-25 11:26:15.680145,2019-05-08 14:34:24.186123,7891,https://github.com/fatemender/boolector-sys,0.7.1
134765,ostree-sys,2022-10-28 07:36:51.967956,2019-05-16 20:10:09.122466,31455,https://github.com/ostreedev/ostree-rs,0.11.0
139842,env-libvpx-sys,2022-07-14 06:21:19.955584,2019-06-08 17:06:56.524408,28247,https://github.com/astraw/env-libvpx-sys,5.1.2
145269,ncursesw,2022-02-21 20:15:37.725239,2019-07-01 21:48:52.480105,4221,https://github.com/narfit66/ncursesw-rs,0.6.4
151702,nc,2022-10-21 02:29:38.818405,2019-07-26 03:07:55.568483,14997,https://github.com/xushaohua/nc,0.8.7
154244,skia-bindings,2022-10-02 17:41:52.629537,2019-08-05 08:08:04.029009,134664,https://github.com/rust-skia/rust-skia,0.55.0
156048,libzetta,2022-04-17 21:50:10.301350,2019-08-12 05:44:05.456822,2068,https://github.com/Inner-Heaven/libzetta-rs,0.3.1
156145,physx-sys,2022-10-20 11:59:37.438887,2019-08-12 14:46:34.389962,14092,https://github.com/EmbarkStudios/physx-rs,0.8.0
158031,clipper-sys,2022-03-16 11:01:49.571099,2019-08-19 09:36:33.854497,29164,https://github.com/lelongg/clipper-sys,0.7.2
160664,webp,2022-03-14 14:21:04.119201,2019-08-29 15:29:02.713309,44104,https://github.com/jaredforth/webp.git,0.2.2
163045,rustler_sys,2022-02-24 08:04:45.357747,2019-09-07 18:56:36.479315,1078037,https://github.com/rusterlium/rustler,2.2.0
163786,libkrb5-sys,2022-02-14 13:33:22.119210,2019-09-10 10:40:10.327407,859,https://github.com/ironthree/libkrb5-rs,0.0.3
169410,input-event-codes,2022-02-12 00:51:35.177472,2019-10-02 17:00:08.440548,14764,https://gitlab.com/gm666q/input-event-codes,5.16.8
170558,milter-sys,2021-12-02 07:21:32.444525,2019-10-07 11:55:14.407158,3815,https://gitlab.com/glts/milter-sys,0.2.3
177010,libcec-sys,2022-08-07 05:44:47.088184,2019-10-30 19:33:11.788182,4378,https://github.com/ssalonen/libcec-sys,4.0.0
177380,rpmalloc-sys,2022-04-15 12:58:52.775281,2019-11-01 14:52:13.091220,177181,https://github.com/EmbarkStudios/rpmalloc-rs,0.2.3+b097fd0
182022,libxlsxwriter-sys,2022-08-19 14:39:01.028896,2019-11-17 16:02:53.463833,59430,https://github.com/informationsea/xlsxwriter-rs,1.1.4
183488,jnix-macros,2022-09-16 07:36:52.333109,2019-11-22 13:52:42.924092,26132,https://github.com/mullvad/jnix,0.4.1
183491,jnix,2022-09-16 07:37:38.107302,2019-11-22 14:05:37.112431,26521,https://github.com/mullvad/jnix,0.5.0
190193,perf-event-open-sys,2022-07-04 20:05:15.694420,2019-12-18 06:36:09.271871,1143104,https://github.com/jimblandy/perf-event-open-sys.git,3.0.0
196371,oboe-sys,2022-01-11 14:55:41.734974,2020-01-07 22:06:54.832922,377143,https://github.com/katyo/oboe-rs,0.4.5
197054,libcryptsetup-rs-sys,2022-08-26 20:26:18.919764,2020-01-10 03:04:29.968770,97998,https://github.com/stratis-storage/libcryptsetup-rs,0.2.1
198422,minidl,2022-02-07 23:44:32.137885,2020-01-14 21:12:24.448891,17330,https://github.com/MaulingMonkey/minidl,0.1.4
198541,libnotcurses-sys,2022-09-25 09:52:53.926908,2020-01-15 06:47:09.497622,15842,https://github.com/dankamongmen/libnotcurses-sys,3.7.0
198607,tss-esapi,2022-05-25 15:06:47.847964,2020-01-15 11:42:15.671831,87416,https://github.com/parallaxsecond/rust-tss-esapi,7.1.0
201683,link-cplusplus,2022-08-22 10:53:21.999123,2020-01-24 23:19:30.309958,2124272,https://github.com/dtolnay/link-cplusplus,1.0.7
201927,libuv-sys2,2022-09-03 20:43:55.959533,2020-01-25 19:34:19.277663,4965,https://github.com/bmatcuk/libuv-sys/,1.44.2
202513,libcoap-sys,2022-06-28 00:40:38.846356,2020-01-27 21:25:31.771923,968,https://github.com/namib-project/libcoap-rs,0.2.0+libcoap-develop-8b9377e
203879,libfuse-sys,2022-07-23 10:30:57.156166,2020-02-01 08:49:57.012103,1438,https://github.com/richard-w/libfuse-sys,0.4.0
206791,jl-sys,2022-08-21 13:42:56.769961,2020-02-09 19:30:31.323631,4082,https://github.com/Taaitaaiger/jlrs,0.18.0
211783,rquickjs-sys,2022-08-20 16:00:23.940442,2020-02-23 15:36:05.303990,9985,https://github.com/DelSkayn/rquickjs.git,0.1.7
214088,libwebp-sys2,2022-05-21 12:09:05.276310,2020-03-01 04:08:33.490574,61713,https://github.com/qnighy/libwebp-sys2-rs,0.1.4
220645,vulkan-bindings,2022-10-22 22:36:36.915363,2020-03-20 08:21:32.216505,1696,https://github.com/bsekura/vulkan-bindings,1.3.231
223795,mdbx-sys,2022-08-24 15:48:12.634547,2020-03-28 13:04:30.817593,164096,https://github.com/vorot93/libmdbx-rs,0.12.1-0
225979,sasl2-sys,2022-05-26 23:47:10.865777,2020-04-03 17:14:45.638947,643248,https://github.com/MaterializeInc/rust-sasl,0.1.20+2.1.28
232264,windows-dll-codegen,2022-04-19 15:40:56.867793,2020-04-20 16:46:06.053201,172162,https://github.com/thisKai/rust-windows-dll,0.4.0
232265,windows-dll,2022-06-23 18:42:01.951736,2020-04-20 16:47:21.993676,171915,https://github.com/thisKai/rust-windows-dll,0.4.1
233601,gsasl-sys,2021-12-03 17:34:36.536766,2020-04-24 08:57:07.833548,8734,https://github.com/dequbed/rsasl/tree/1.X.X/gsasl-sys,0.2.4
234761,krb5-src,2022-01-16 07:01:18.648346,2020-04-27 19:58:57.150496,420542,https://github.com/MaterializeInc/rust-krb5-src,0.3.2+1.19.2
235951,leap-sys,2022-07-13 21:28:49.690742,2020-04-30 21:31:04.477527,604,https://github.com/urholaukkarinen/leap-sys,0.2.0
238722,discord-cassandra-cpp,2022-06-17 07:47:14.656169,2020-05-07 22:46:46.713013,222897,https://github.com/Metaswitch/cassandra-rs,0.16.6
241146,coin_cbc_sys,2022-10-07 08:18:45.148105,2020-05-13 15:35:59.421422,77514,https://github.com/KardinalAI/coin_cbc,0.1.2
243633,bass-sys,2022-08-10 17:45:22.413091,2020-05-19 23:59:37.156763,1912,https://github.com/KernelErr0r/bass-sys,2.2.2
244308,fastly-sys,2022-10-20 18:04:38.796667,2020-05-21 21:00:06.801611,124335,,0.8.9
246680,nauty-Traces-sys,2022-09-26 11:09:13.024473,2020-05-27 14:02:05.814488,1042,https://github.com/a-maier/nauty-Traces-sys,0.3.0
249656,psa-crypto-sys,2022-09-02 14:37:04.539263,2020-06-03 13:13:16.695793,33892,https://github.com/parallaxsecond/rust-psa-crypto,0.9.3
249660,psa-crypto,2022-09-02 14:39:20.484369,2020-06-03 13:20:54.171801,30780,https://github.com/parallaxsecond/rust-psa-crypto,0.9.2
252659,rusty_ffmpeg,2022-09-12 11:53:29.899363,2020-06-11 07:48:07.148808,24906,https://github.com/CCExtractor/rusty_ffmpeg/,0.10.0+ffmpeg.5.1
255210,fpzip-sys,2022-07-19 04:29:35.810470,2020-06-18 04:39:28.982152,916,https://github.com/jvo203/fpzip-sys,0.1.6
255595,fuser,2022-08-25 02:37:20.767015,2020-06-19 06:08:48.399994,52620,https://github.com/cberner/fuser,0.11.1
255828,allo-isolate,2022-10-04 15:57:12.187162,2020-06-19 21:53:48.114729,558714,https://github.com/sunshine-protocol/allo-isolate,0.1.14-beta.4
259247,libftd2xx-ffi,2022-09-17 18:22:19.206956,2020-06-28 23:35:04.104360,25333,https://github.com/ftdi-rs/libftd2xx-ffi,0.8.5
266718,evil-janet,2022-09-04 05:06:08.471772,2020-07-19 00:56:08.884037,5230,https://github.com/GrayJack/evil-janet,1.24.1
275523,libblkid-rs-sys,2022-08-26 20:05:00.657947,2020-08-11 22:34:45.596096,40388,https://github.com/stratis-storage/libblkid-rs,0.1.4
276885,jpegxl-sys,2022-09-24 13:59:08.175486,2020-08-15 02:09:48.151479,4233,https://github.com/inflation/jpegxl-rs,0.7.0+libjxl-0.7.0
279979,gtk-layer-shell-sys,2022-10-23 21:18:35.059815,2020-08-24 02:42:11.069582,31337,https://github.com/pentamassiv/gtk-layer-shell-gir/tree/main/gtk-layer-shell-sys,0.5.0
282873,web-extensions-sys,2022-10-26 15:36:19.824946,2020-08-31 00:03:07.516220,960,https://github.com/web-extensions-rs/web-extensions-sys,0.3.3
283686,rofisys,2022-08-04 17:59:53.161436,2020-09-01 23:00:23.511123,764,https://github.com/pnnl/rofi-sys,0.2.3
283984,zwp-virtual-keyboard,2022-10-08 22:23:35.231450,2020-09-02 20:34:05.172480,5622,https://github.com/pentamassiv/zwp-virtual-keyboard,0.2.7
285299,zwp-input-method,2022-06-11 00:35:31.474699,2020-09-06 04:42:10.140619,754,https://github.com/pentamassiv/zwp-input-method,0.3.1
287516,flint-sys,2022-09-03 00:18:48.259823,2020-09-11 21:13:30.542973,2612,https://github.com/alex-ozdemir/flint-rs,0.7.1
293467,vst_window,2022-02-08 23:32:10.302300,2020-09-27 17:16:01.488544,1087,https://github.com/antonok-edm/vst_window,0.3.0
296947,fizzy,2022-06-28 13:08:48.997625,2020-10-07 12:57:30.426913,458,https://github.com/wasmx/fizzy,0.8.0
304490,openvino-sys,2022-10-21 18:13:53.799237,2020-10-22 22:53:04.919944,162945,https://github.com/intel/openvino-rs,0.4.2
307714,gnurx-sys,2022-09-03 04:05:44.196102,2020-11-02 02:53:27.942670,890,https://github.com/koutheir/gnurx-sys,0.3.2
310938,ytnef_sys,2021-11-14 18:03:25.188690,2020-11-10 19:53:13.669903,516,https://github.com/alechussey/ytnef-sys.git,0.2.0
311370,boring-sys,2022-09-16 18:05:23.524211,2020-11-11 20:26:00.945247,193807,https://github.com/cloudflare/boring,2.1.0
314493,polkit-sys,2022-10-01 23:19:10.686551,2020-11-20 21:16:46.655319,791,https://codeberg.org/valpackett/polkit-rs,0.15.1
314498,polkit-agent-sys,2022-10-01 23:18:56.663909,2020-11-20 21:19:54.928195,495,https://codeberg.org/valpackett/polkit-rs,0.15.1
320534,openbsd,2021-11-19 12:40:27.947694,2020-12-07 16:09:59.320778,516,https://github.com/joshua-cooper/openbsd-rs,0.1.2
322409,russimp-sys,2022-10-12 05:53:28.432600,2020-12-13 14:28:41.647044,3489,https://github.com/jkvargas/russimp-sys,1.0.3
322778,russimp,2022-10-12 07:22:08.228978,2020-12-14 14:21:13.788507,2719,https://github.com/jkvargas/russimp,1.0.4
322933,autocxx-bindgen,2022-08-29 21:44:32.224073,2020-12-15 00:30:08.426621,50989,https://github.com/adetaylor/rust-bindgen,0.60.3
325320,cl3,2022-09-17 11:37:53.239290,2020-12-21 16:59:22.678295,70152,https://github.com/kenba/cl3,0.9.1
330738,libyang2-sys,2022-05-18 23:16:48.848609,2021-01-02 20:43:14.671957,1516,,0.3.0
345379,windivert-sys,2022-01-29 10:50:46.369100,2021-01-22 16:43:46.979833,2310,https://github.com/Rubensei/windivert-rust.git,0.8.0
348386,bad64-sys,2021-12-22 00:09:35.882576,2021-01-30 08:17:14.240397,3268,https://github.com/yrp604/bad64-sys,0.5.0
353340,umm-malloc-sys,2022-02-16 20:07:34.050506,2021-02-10 18:50:16.554773,798,https://github.com/mattico/umm-malloc-rs,0.3.1
354759,windivert,2022-01-29 10:51:34.733155,2021-02-13 16:43:26.251514,1208,https://github.com/Rubensei/windivert-rust.git,0.4.0
354920,basis-universal-sys,2022-02-06 16:55:41.997763,2021-02-14 02:32:43.904153,28576,https://github.com/aclysma/basis-universal-rs,0.2.0
363836,netcorehost,2022-07-10 21:01:36.883098,2021-03-04 18:50:08.965964,2443,https://github.com/OpenByteDev/netcorehost,0.12.0
369949,selinux-sys,2022-08-24 12:06:03.519874,2021-03-16 22:16:10.601526,262554,https://github.com/koutheir/selinux-sys,0.5.3
369950,fts-sys,2022-09-03 03:57:44.548050,2021-03-16 22:25:55.906208,260726,https://github.com/koutheir/fts-sys,0.2.2
370551,cryptoki-sys,2022-08-11 09:39:20.242797,2021-03-18 15:39:26.939363,22165,https://github.com/parallaxsecond/rust-cryptoki,0.1.4
370556,cryptoki,2022-09-29 14:24:12.732060,2021-03-18 15:45:17.211515,21809,https://github.com/parallaxsecond/rust-cryptoki,0.4.1
372537,tss-esapi-sys,2022-02-04 09:51:13.430759,2021-03-23 10:07:34.533348,69047,https://github.com/parallaxsecond/rust-tss-esapi,0.3.0
372622,dart-sdk-sys,2022-06-04 04:13:56.443835,2021-03-23 16:11:32.019379,2359,https://github.com/DoumanAsh/dart-sys,2.17.1
372778,dittolive-ditto,2022-10-21 00:23:43.331681,2021-03-24 02:09:10.340369,4519,,2.0.8
373765,opencl-heads,2021-11-21 09:21:25.848637,2021-03-26 10:46:02.699774,800,https://github.com/n3nx/opencl-rs,0.2.1
374413,nethost-sys,2022-10-28 22:21:16.575671,2021-03-27 21:22:07.951828,3846,https://github.com/OpenByteDev/nethost-sys,0.6.1
378847,pylon-cxx,2022-08-31 05:40:20.929358,2021-04-04 15:59:24.520260,16882,https://github.com/strawlab/pylon-cxx,0.3.4
379408,ockam-ffi,2022-09-21 03:33:20.957517,2021-04-05 17:40:57.066674,5040,https://github.com/build-trust/ockam/tree/develop/implementations/rust/ockam/ockam_ffi,0.62.0
382808,zstr,2022-04-27 06:57:12.908834,2021-04-13 10:08:02.053569,571,https://github.com/H2CO3/zstr/,0.1.1
386356,creachadair-imath-sys,2022-10-25 18:31:24.772684,2021-04-18 21:33:43.798646,533,https://github.com/declanvk/reckoner,0.2.0
392174,turbojpeg-sys,2022-09-23 06:20:16.764118,2021-05-02 11:10:00.791916,6720,https://github.com/honzasp/rust-turbojpeg/turbojpeg-sys,0.2.2
394384,vtflib-sys,2022-03-19 18:06:33.853120,2021-05-07 19:36:51.520412,834,https://github.com/lasa01/vtflib-sys.git,0.1.5
398267,librna-sys,2022-03-03 09:44:49.819408,2021-05-16 17:45:38.507064,532,https://github.com/fncnt/librna-sys,0.1.4
400397,libayatana-appindicator-sys,2022-01-17 17:15:17.809766,2021-05-21 16:51:36.808747,1103,https://github.com/emirror-de/libayatana-appindicator-rs.git,0.2.0
409357,linux-raw-sys,2022-10-03 18:00:20.580372,2021-06-12 14:38:40.005650,2977933,https://github.com/sunfishcode/linux-raw-sys,0.1.2
410283,itron,2021-11-19 02:28:42.979734,2021-06-15 07:36:18.882072,1052,https://github.com/solid-rs/itron-rs,0.1.9
411981,winfw,2022-08-05 05:13:28.538920,2021-06-19 04:04:37.348429,403,https://github.com/marirs/winfw-rs,0.1.6
414918,eccodes-sys,2021-12-03 10:40:57.254515,2021-06-25 18:19:54.696062,1020,https://github.com/ScaleWeather/eccodes-sys,0.3.1
416328,eccodes,2021-12-03 13:43:25.724708,2021-06-29 19:42:34.564529,908,https://github.com/ScaleWeather/eccodes,0.6.7
416853,libduckdb-sys,2022-09-20 02:42:20.604463,2021-06-30 14:04:02.455622,13558,https://github.com/wangfenjin/duckdb-rs,0.5.1
423239,freebsd-libgeom-sys,2022-10-07 03:57:12.228884,2021-07-15 21:57:06.968939,782,https://github.com/asomers/gstat-rs,0.1.2
435394,syscall-numbers,2022-05-08 05:33:53.206256,2021-08-12 20:47:33.417408,5091,https://github.com/koutheir/syscall-numbers,3.0.0
443573,pxtone-sys,2022-09-22 05:36:52.504985,2021-08-28 21:47:10.637389,523,https://github.com/PieKing1215/rust-pxtone-sys,0.2.0
451993,espeakng-sys,2022-02-26 19:46:52.558696,2021-09-15 20:52:51.867284,751,https://github.com/Better-Player/espeakng-sys,0.1.1
452877,gmod,2022-07-16 20:13:02.760510,2021-09-17 17:05:47.524805,5314,https://github.com/WilliamVenner/gmod-rs,16.0.2
455870,coreclr-hosting-shared,2022-04-19 18:28:08.123656,2021-09-24 14:08:44.936094,3829,https://github.com/OpenByteDev/coreclr-hosting-shared,0.1.4
455927,hostfxr-sys,2022-07-08 00:47:43.385400,2021-09-24 17:52:03.638260,3691,https://github.com/OpenByteDev/hostfxr-sys,0.5.0
456678,arb-sys,2022-09-03 01:13:35.504717,2021-09-26 21:13:55.327006,1727,https://github.com/wjyoumans/arb-sys,0.3.5
456693,antic-sys,2022-09-03 02:16:29.854996,2021-09-26 22:23:55.724517,957,https://github.com/wjyoumans/antic-sys,0.3.4
458413,libhmmer-sys,2022-02-20 05:53:31.580355,2021-09-29 22:26:28.524764,4072,https://github.com/mustafa-guler/libhmmer-sys,0.2.0
462474,devicemapper-sys,2022-07-21 16:36:50.422365,2021-10-08 19:26:16.840486,54203,https://github.com/stratis-storage/devicemapper-rs,0.1.3
463202,exmod,2022-03-05 05:15:52.493214,2021-10-10 16:53:23.853764,1435,https://gitlab.com/fluidex/exmod,0.3.3
464597,sensors-sys,2022-09-03 04:27:19.416534,2021-10-13 18:07:03.701492,564,https://github.com/koutheir/sensors-sys,0.2.2
467385,picnic-sys,2022-09-26 19:07:14.389570,2021-10-19 14:56:06.376172,1949,https://github.com/ait-crypto/picnic-bindings-rs,3.0.20
467805,bddisasm-sys,2022-10-04 10:25:17.550061,2021-10-20 09:21:55.853705,387,https://github.com/bitdefender/bddisasm,0.2.1
469030,inertia,2022-05-31 01:35:52.255682,2021-10-21 21:30:54.357568,496,https://github.com/wjyoumans/inertia,0.2.5
473488,rofuse,2021-12-09 12:47:52.716958,2021-10-28 09:13:15.453261,523,https://github.com/payall4u/rofuse,0.0.5
480324,libxc-sys,2021-11-11 23:37:05.444766,2021-11-11 18:36:31.945948,172,https://github.com/seatonullberg/libxc-rs,0.1.1
480864,opentok,2022-02-10 14:16:24.207091,2021-11-12 09:26:12.255252,388,https://github.com/opentok-rust/opentok-rs,1.0.4
481109,clockkit-sys,2021-11-17 16:51:55.134586,2021-11-12 20:54:44.964151,314,https://github.com/Infrasonics/rust-clockkit-sys,0.1.1
481607,doomgeneric,2021-11-14 04:25:53.323199,2021-11-14 04:25:53.323199,104,https://github.com/LinusCDE/doomgeneric-rs,0.3.0-beta.2
482241,mach2,2022-06-07 13:42:29.536728,2021-11-15 16:48:14.915464,81080,https://github.com/JohnTitor/mach2,0.4.1
484635,poppler-sys-rs,2022-10-22 18:31:33.358826,2021-11-19 21:40:33.190551,5538,https://gitlab.gnome.org/World/Rust/poppler-rs,0.20.0
485133,opencl-api,2021-11-23 16:19:22.007024,2021-11-21 04:14:45.414797,284,https://github.com/n3nx/opencl-rs,0.1.2
485175,rmw-mdbx-sys,2021-11-21 07:53:29.484730,2021-11-21 07:53:29.484730,114,https://github.com/rmw-lib/mdbx-rs,0.9.3
485689,objc-sys,2022-08-28 20:32:41.714183,2021-11-22 13:07:27.008682,21581,https://github.com/madsmtm/objc2,0.2.0-beta.2
485843,block-sys,2022-08-28 20:35:49.784020,2021-11-22 20:29:19.344356,18714,https://github.com/madsmtm/objc2,0.1.0-beta.1
486732,mdbx-ffi,2021-12-14 05:50:34.964334,2021-11-24 07:16:02.581055,703,https://github.com/rmw-lib/mdbx-ffi,0.0.5
487581,bitwuzla-sys,2022-07-26 10:42:58.220246,2021-11-25 12:05:02.020256,666,https://github.com/fatemender/bitwuzla-sys,0.2.0
487927,rglua,2022-04-01 00:05:27.117889,2021-11-26 06:23:13.729812,1690,https://github.com/Vurv78/rglua,3.0.0-beta2
491436,vimba-sys,2022-08-15 03:26:01.878710,2021-12-02 21:14:10.229025,2384,https://github.com/strawlab/vimba-sys,0.2.0
491579,unid,2022-01-14 00:14:25.801621,2021-12-03 05:50:38.295009,552,https://github.com/getunid/unid,1.0.0
492383,rpi-led-matrix-sys,2022-01-05 19:18:22.700313,2021-12-04 21:13:56.785841,966,https://github.com/rust-rpi-led-matrix/rust-rpi-rgb-led-matrix,0.2.1
495149,fmmap,2022-10-03 04:49:24.325086,2021-12-09 13:18:29.047602,1600,https://github.com/al8n/fmmap/tree/main/fmmap-rs,0.3.2
497806,ki18n,2022-02-04 08:34:20.984633,2021-12-14 16:29:43.668763,985,https://github.com/Ayush1325/ki18n-rs,1.2.0
499212,wasm4-sys,2022-01-17 11:37:34.900348,2021-12-16 14:41:27.890280,442,https://github.com/ZetaNumbers/wasm4-rs,0.1.1
499509,uderna,2021-12-17 03:31:37.488049,2021-12-17 03:31:37.488049,228,https://github.com/intjelic/uderna/,0.1.0
499511,oriak,2021-12-17 03:33:37.529123,2021-12-17 03:33:37.529123,99,https://github.com/intjelic/oriak/,0.1.0
499670,aya-rustc-llvm-proxy,2022-09-07 18:31:28.689682,2021-12-17 15:33:37.987653,7796,https://github.com/aya-rs/rustc-llvm-proxy,0.5.0
499676,rkrga-sys,2021-12-18 00:49:44.431644,2021-12-17 16:18:42.384372,350,https://github.com/varphone/rkrga.git,0.1.1
499677,rkrga,2022-01-11 08:03:54.699257,2021-12-17 16:19:33.764345,277,https://github.com/varphone/rkrga.git,0.1.2
500638,rglua-macros,2022-01-24 00:35:59.769579,2021-12-20 08:09:51.189210,629,https://github.com/Vurv78/rglua,0.2.0
500688,moonalloy,2022-06-18 12:22:52.515868,2021-12-20 12:59:20.613745,563,https://git.hacktheoxidation.xyz/moonalloy.git,0.3.4
501866,protobuf-src,2022-09-02 20:44:41.576205,2021-12-22 18:32:44.837696,68671,https://github.com/MaterializeInc/rust-protobuf-native,1.1.0+21.5
502404,protobuf-sys,2021-12-24 07:35:41.557756,2021-12-23 21:10:03.008233,350,https://github.com/MaterializeInc/rust-protobuf-native,0.1.2+3.19.1
505506,gdiplus-sys2,2021-12-30 20:51:55.903969,2021-12-30 20:51:55.903969,226,https://github.com/davidrios/gdiplus-sys,0.1.1
505782,fs4,2022-07-04 16:15:34.958160,2021-12-31 12:10:21.897583,30555,https://github.com/al8n/fs4-rs,0.6.2
506081,raylib4-sys,2022-01-01 10:57:15.205561,2022-01-01 10:08:47.455890,299,https://github.com/sile/raylib4-sys,0.1.2
506425,rkaiq-sys,2022-01-02 04:57:28.806236,2022-01-02 04:57:28.806236,221,https://github.com/varphone/rkraiq.git,0.1.0
506427,rkaiq,2022-01-02 05:00:48.660804,2022-01-02 05:00:48.660804,111,https://github.com/varphone/rkaiq.git,0.1.0
507792,kirigami,2022-01-04 13:32:19.439719,2022-01-04 13:32:19.439719,321,,0.1.0
508216,libICE-sys,2022-01-05 04:20:27.644935,2022-01-05 04:20:27.644935,99,https://github.com/lethalbit/libICE-sys,0.1.0
508217,libSM-sys,2022-01-05 04:21:20.634825,2022-01-05 04:21:20.634825,107,https://github.com/lethalbit/libSM-sys,0.1.0
511389,tinydtls-sys,2022-02-23 14:38:36.351318,2022-01-10 13:31:16.331008,409,https://github.com/namib-project/tinydtls-rs,0.1.1+tinydtls-c7c3ca8
520453,librador-sys,2022-01-24 21:53:19.421456,2022-01-24 21:53:19.421456,205,https://git.sr.ht/~couch/librador-sys,0.1.0
522189,rlua-lua54-sys,2022-07-24 08:35:40.118520,2022-01-26 22:08:27.547188,11868,https://github.com/amethyst/rlua,0.1.3
522190,rlua-lua53-sys,2022-07-24 08:36:03.569495,2022-01-26 22:09:10.126608,1957,https://github.com/amethyst/rlua,0.1.3
522195,rlua-lua51-sys,2022-07-24 08:36:12.341964,2022-01-26 22:09:36.807303,1881,https://github.com/amethyst/rlua,0.1.3
524237,kernaux-sys,2022-06-16 15:47:48.092341,2022-01-30 23:18:01.437180,400,https://github.com/tailix/libkernaux/tree/master/bindings/rust,0.4.0
524617,chez-sys,2022-01-31 14:25:50.538120,2022-01-31 14:25:50.538120,96,https://github.com/amarmaduke/chez-rs,0.1.0
525580,viable,2022-02-26 01:31:48.545435,2022-02-02 07:28:55.259384,1037,https://github.com/Vurv78/viable,0.2.0
525581,viable-impl,2022-02-26 03:24:35.872820,2022-02-02 07:32:12.043649,1256,https://github.com/Vurv78/viable,0.2.1
525658,wordexp-sys,2022-02-02 11:24:09.050723,2022-02-02 11:24:09.050723,254,https://gitlab.com/seamsay/wordexp-sys,1.0.0
526807,mvsdk,2022-02-04 15:13:00.364445,2022-02-04 13:51:17.173725,184,,0.1.1
527022,rust-libretro-sys,2022-03-09 20:12:22.700828,2022-02-04 19:35:52.480133,526,https://github.com/max-m/rust-libretro/,0.1.5
529024,jni-sys-new,2022-02-08 10:44:49.384874,2022-02-08 10:44:49.384874,99,https://github.com/HalogenPowered/rust-jni-sys,0.4.0
529403,wstp-sys,2022-10-20 02:25:43.741629,2022-02-09 00:22:11.493271,1187,https://github.com/WolframResearch/wstp-rs,0.2.4
529408,wstp,2022-10-20 02:26:04.616139,2022-02-09 00:37:42.041843,894,https://github.com/WolframResearch/wstp-rs,0.2.4
529421,wolfram-library-link-sys,2022-09-19 21:04:07.541308,2022-02-09 01:01:26.163328,979,https://github.com/WolframResearch/wolfram-library-link-rs,0.2.7
529472,wolfram-library-link,2022-09-19 21:05:04.312897,2022-02-09 03:56:34.191648,664,https://github.com/WolframResearch/wolfram-library-link-rs,0.2.7
533536,min_gl,2022-02-19 07:36:36.391240,2022-02-16 20:35:12.109089,458,https://github.com/Waistax/min_gl,0.3.0
535710,libdpkg-sys,2022-10-17 07:22:13.871793,2022-02-20 12:15:33.224725,307,https://github.com/sebastinas/libdpkg-sys,0.1.1+1.19
537167,tinyusb-sys,2022-02-22 10:06:11.795920,2022-02-22 08:43:24.439360,163,https://github.com/nviennot/tinyusb-sys-rs,0.1.1
540146,zmq-sys2,2022-03-04 16:50:53.939655,2022-02-26 23:36:24.090737,15164,https://github.com/erickt/rust-zmq,0.3.0
540210,arcdps-imgui-sys,2022-02-27 03:46:47.558263,2022-02-27 03:46:47.558263,920,https://github.com/gw2scratch/imgui-rs,0.8.0
543665,quickjs-wasm-sys,2022-03-04 20:19:15.094528,2022-03-04 20:19:15.094528,294,https://github.com/Shopify/javy/tree/main/crates/quickjs-wasm-sys,0.1.0
544148,dos-like-sys,2022-04-10 10:50:28.926108,2022-03-05 18:04:41.117194,549,https://github.com/Enet4/dos-like-rs,0.2.3
544149,dos-like,2022-07-26 14:28:11.858800,2022-03-05 18:05:18.580465,400,https://github.com/Enet4/dos-like-rs,0.3.1
547043,ucl-sys,2022-03-09 17:17:02.387047,2022-03-09 16:41:47.688631,151,https://github.com/TommyLau/ucl-sys,0.1.1
549489,inertia-core,2022-05-31 10:05:56.215413,2022-03-13 22:54:12.390260,627,https://github.com/wjyoumans/inertia-core,0.2.0
549803,russimp-sys-static,2022-03-15 10:23:34.216217,2022-03-14 12:19:57.849186,499,https://github.com/EYHN/russimp-sys,1.0.1
550420,crash-context,2022-07-21 13:25:04.069437,2022-03-15 10:59:03.623303,8448,https://github.com/EmbarkStudios/crash-handling,0.4.0
551034,c_import,2022-03-21 08:29:47.089541,2022-03-16 09:22:40.261216,497,https://github.com/MoAlyousef/c_import,0.1.5
552800,lzip-sys,2022-04-29 22:07:00.770810,2022-03-18 17:09:00.216309,447,https://github.com/firasuke/lzip-rs,0.1.4+1.13
555075,fdb-sys,2022-05-07 04:36:12.083303,2022-03-23 07:04:33.231850,618,https://github.com/fdb-rs/fdb,0.3.1
555076,fdb-gen,2022-05-07 04:34:56.985147,2022-03-23 07:04:43.805909,634,https://github.com/fdb-rs/fdb,0.3.1
557163,ndi-sys,2022-03-27 05:28:26.796316,2022-03-27 05:08:05.325078,184,https://github.com/coral/ndi-sys,0.1.1
558123,htscodecs-sys,2022-03-28 19:57:16.732495,2022-03-28 19:57:16.732495,93,https://github.com/m4tx/htscodecs-sys.git,1.2.1
559374,ddc-enhanced-rs,2022-06-19 16:07:11.998416,2022-03-30 19:58:12.731122,1893,https://github.com/ThalusA/ddc-enhanced-rs,1.2.7
563123,mir-sys,2022-04-06 12:48:58.911887,2022-04-06 12:48:58.911887,197,https://github.com/oxalica/mir-rs,0.1.0+mir.0.1.1
563273,ittapi-sys,2022-04-12 18:31:36.492597,2022-04-06 18:45:51.945732,84034,https://github.com/intel/ittapi,0.3.1
563907,rofi-plugin-sys,2022-04-07 20:48:33.575393,2022-04-07 20:48:33.575393,213,https://github.com/SabrinaJewson/rofi-plugin-sys.rs,0.1.0
564264,cmph-sys,2022-04-08 13:24:00.028169,2022-04-08 13:24:00.028169,108,https://github.com/beling/cmph-sys,0.1.0
564817,kconfig,2022-04-09 17:10:31.157169,2022-04-09 17:10:31.157169,104,https://invent.kde.org/oreki/kconfig-rs,0.1.0
567734,ni-syscfg-sys,2022-04-14 19:45:36.418933,2022-04-14 19:45:36.418933,136,https://github.com/WiresmithTech/ni-syscfg-rs,20.5.0
570121,libui-ng-sys,2022-05-21 12:08:26.232682,2022-04-19 01:06:50.319582,1154,https://github.com/norepimorphism/libui-ng-sys,0.4.5
570488,ucx1-sys,2022-04-19 17:10:18.103203,2022-04-19 17:10:18.103203,305,https://github.com/madsys-dev/async-ucx,0.1.0
570777,rb-sys,2022-10-20 14:27:41.151615,2022-04-20 05:04:37.318544,44110,https://github.com/oxidize-rb/rb-sys,0.9.34
570862,libpd-sys,2022-04-24 20:27:50.554538,2022-04-20 08:48:46.199782,1091,https://github.com/alisomay/libpd-sys,0.2.0
573349,iconv-sys,2022-05-24 16:01:00.087680,2022-04-24 22:32:56.208013,2805,https://github.com/A1-Triard/iconv-sys,0.0.4
573541,errno-sys,2022-05-24 15:53:12.968978,2022-04-25 04:27:15.571880,11818,https://github.com/A1-Triard/errno-sys,0.1.0
579272,cityhash-sys,2022-07-04 15:02:01.667796,2022-05-02 19:38:41.914982,536,https://github.com/HUD-Software/cityhash-sys,1.0.2
585386,substreams,2022-10-21 17:14:52.025703,2022-05-12 18:18:59.439004,1934,https://github.com/streamingfast/substreams-rs,0.3.2
588644,matio-rs-sys,2022-09-07 20:22:56.588507,2022-05-17 22:54:30.202906,553,https://github.com/rconan/matio-rs,0.2.1
589312,crseo-sys,2022-05-18 21:44:33.588584,2022-05-18 21:44:33.588584,400,https://github.com/rconan/crseo,0.1.0
590118,twolame-sys,2022-05-20 08:02:35.399221,2022-05-20 07:39:57.331115,95,,0.1.1
590453,serde-bindgen-core,2022-05-25 18:57:30.566007,2022-05-20 20:32:52.796452,463,https://github.com/TomzBench/serde-bindgen-core,0.1.9
590454,serde-bindgen-core-derive,2022-09-15 01:01:46.133011,2022-05-20 20:33:27.615756,687,https://github.com/TomzBench/serde-bindgen-core,0.1.12
595490,libz-ng-sys,2022-05-28 05:18:16.030174,2022-05-28 01:55:33.246224,37467,https://github.com/rust-lang/libz-sys,1.1.8
596848,razor-libnvpair-sys,2022-07-28 08:31:33.663879,2022-05-30 07:54:50.422022,1312,https://github.com/razor-zfs/razor-rs,0.13.0
597067,substreams-macro,2022-10-21 17:12:26.050284,2022-05-30 16:56:54.351364,1964,https://github.com/streamingfast/substreams-rs,0.3.2
597628,substreams-ethereum-abigen,2022-10-21 19:56:54.179049,2022-05-31 17:23:12.563517,1568,https://github.com/streamingfast/substreams-ethereum,0.6.2
597629,substreams-ethereum-derive,2022-10-21 19:57:23.423762,2022-05-31 17:23:55.295355,1486,https://github.com/streamingfast/substreams-ethereum,0.6.2
597630,substreams-ethereum,2022-10-21 19:58:12.039819,2022-05-31 17:24:23.532634,1387,https://github.com/streamingfast/substreams-ethereum/tree/develop/substreams-ethereum,0.6.2
598586,libesedb-sys,2022-07-11 01:38:09.187446,2022-06-02 00:16:03.244438,350,https://github.com/sunsetkookaburra/rust-libesedb,0.1.2
599660,razor-libzfscore-sys,2022-07-28 08:32:52.458271,2022-06-04 11:14:17.249316,700,https://github.com/razor-zfs/razor-rs,0.13.0
600053,xwiimote-sys,2022-06-07 09:43:37.132180,2022-06-05 03:48:42.913163,300,https://github.com/hugmanrique/xwiimote/,0.1.4
602666,razor-libzfs-sys,2022-07-26 13:42:00.347951,2022-06-09 14:50:57.599731,419,https://github.com/razor-zfs/razor-rs,0.12.0
602885,ryg-rans-sys,2022-06-28 13:50:23.932514,2022-06-09 21:24:22.305022,1315,https://github.com/m4tx/ryg-rans-sys.git,1.0.7
604816,ioctl-macro,2022-06-13 00:31:56.019007,2022-06-13 00:31:56.019007,188,https://gitlab.com/gm666q/input-event-codes,0.0.1
606072,hidraw-sys,2022-06-14 20:50:26.201552,2022-06-14 20:50:26.201552,121,https://gitlab.com/gm666q/hidraw-rs,0.0.1
609100,hlocl,2022-06-19 20:29:29.962060,2022-06-19 20:29:29.962060,41,,0.1.0
611152,custos,2022-09-10 18:26:50.547258,2022-06-22 21:17:19.351669,1000,https://github.com/elftausend/custos,0.5.0
613013,songww-harfbuzz-sys,2022-06-28 07:46:05.545974,2022-06-25 12:54:31.924468,147,https://github.com/songww/rust-harfbuzz,0.2.0
615112,libcimgui-sys,2022-06-29 02:01:47.437518,2022-06-29 02:01:47.437518,49,https://github.com/c9lypso/libcimgui-sys,1.88.0
617292,libecdsautil-sys,2022-07-01 17:38:55.144944,2022-07-01 17:38:55.144944,160,https://github.com/AiyionPrime/libecdsautil-sys.git,0.1.0
618108,memmapix,2022-07-03 02:47:06.662314,2022-07-03 02:18:05.381245,791,https://github.com/al8n/memmapix,0.6.3
618346,inochi2d-rs,2022-07-03 13:48:03.480329,2022-07-03 13:48:03.480329,38,https://github.com/Inochi2D/inochi2d-rs,0.1.0
618518,apk-tools-sys,2022-07-03 19:18:17.999988,2022-07-03 19:18:17.999988,44,https://gitlab.alpinelinux.org/Cogitri/apk-polkit-rs,0.1.0
620034,libwavm-sys,2022-07-07 14:27:47.632241,2022-07-05 20:05:25.620899,203,https://github.com/heviat/libwavm-sys,0.1.4
620374,xiapi-sys,2022-07-07 08:52:31.142856,2022-07-06 09:53:26.306343,152,https://github.com/Ximea-GmbH/xiapi-sys,0.1.1
620928,hinawa-sys,2022-07-14 09:30:27.578819,2022-07-07 04:40:49.423356,555,https://github.com/alsa-project/hinawa-rs/,0.7.0
621073,cbqn-sys,2022-10-26 19:02:53.623092,2022-07-07 09:19:15.522881,137,https://github.com/Detegr/cbqn-sys.git,0.0.5
621120,hitaki-sys,2022-07-14 09:46:03.294204,2022-07-07 11:36:53.771113,346,https://github.com/alsa-project/hitaki-rs/,0.2.0
621161,alsactl-sys,2022-07-14 09:58:01.114259,2022-07-07 13:16:12.817727,248,https://github.com/alsa-project/alsa-gobject-rs,0.4.0
621163,alsahwdep-sys,2022-07-14 10:04:20.251490,2022-07-07 13:17:16.789928,230,https://github.com/alsa-project/alsa-gobject-rs,0.4.0
621165,alsarawmidi-sys,2022-07-14 10:08:40.442715,2022-07-07 13:18:25.125038,225,https://github.com/alsa-project/alsa-gobject-rs,0.4.0
621179,alsatimer-sys,2022-07-14 10:11:44.992478,2022-07-07 13:43:47.286336,355,https://github.com/alsa-project/alsa-gobject-rs,0.4.0
621187,alsaseq-sys,2022-07-14 10:17:11.194399,2022-07-07 13:59:24.199309,248,https://github.com/alsa-project/alsa-gobject-rs,0.4.0
621205,hinoko-sys,2022-07-14 09:38:52.802216,2022-07-07 14:31:39.189666,190,https://github.com/takaswie/hinoko-rs/,0.1.0
621782,ddc-node-rs,2022-07-08 12:30:25.528245,2022-07-08 12:30:25.528245,43,https://github.com/ThalusA/ddc-node-rs,2.0.0
622049,service-management-sys,2022-07-08 18:39:08.994879,2022-07-08 18:39:08.994879,69,https://github.com/hankbao/service-management-sys,0.1.0
624357,playerctl-sys,2022-08-15 15:06:01.715202,2022-07-12 13:14:23.871267,365,https://github.com/ap-1/playerctl-sys,0.1.6
631333,libinjection-rs,2022-07-23 08:49:30.075061,2022-07-23 08:49:30.075061,47,https://github.com/chandanpasunoori/libinjection-rs,0.2.6
632977,lean-sys,2022-08-22 16:29:29.413758,2022-07-26 04:07:10.095992,66,https://gitlab.com/tekne/lean-sys,0.0.2
635216,watchdog-device,2022-07-29 22:22:41.678106,2022-07-29 22:22:41.678106,55,https://github.com/DoubleAJ/watchdog-device,0.1.0
638861,substreams-ethereum-core,2022-10-21 19:53:49.646382,2022-08-04 18:11:18.967751,1188,https://github.com/streamingfast/substreams-ethereum/tree/develop/core,0.6.2
642331,switchtec-user-sys,2022-10-14 17:23:30.861646,2022-08-10 00:08:29.390417,502,https://github.com/thepacketgeek/switchtec-user-sys,0.4.1
642353,pciswitch-user,2022-08-10 00:51:08.930396,2022-08-10 00:51:08.930396,33,,0.0.0
643205,libxlsxwriter-sys-cs,2022-08-11 09:05:23.384599,2022-08-11 09:05:23.384599,33,https://github.com/informationsea/xlsxwriter-rs,1.1.4-2
645014,ntfs-3g-sys,2022-08-13 19:30:35.812993,2022-08-13 19:30:35.812993,33,https://github.com/piperswe/ntfs-3g-sys,0.1.0
645989,ni-daqmx-sys,2022-08-25 14:54:37.333397,2022-08-15 15:25:35.636624,61,https://github.com/WiresmithTech/ni-daqmx-sys,20.7.1
648337,mc-sgx-core-sys-types,2022-10-20 21:05:09.763852,2022-08-18 21:19:15.403458,722,https://github.com/mobilecoinfoundation/sgx,0.3.0
648338,mc-sgx-dcap-sys-types,2022-10-20 21:07:06.065330,2022-08-18 21:22:06.822145,341,https://github.com/mobilecoinfoundation/sgx,0.3.0
648339,mc-sgx-tstdc-sys-types,2022-10-20 21:12:38.730242,2022-08-18 21:22:22.635723,166,https://github.com/mobilecoinfoundation/sgx,0.3.0
648340,mc-sgx-tcrypto-sys-types,2022-10-20 21:10:14.593481,2022-08-18 21:22:51.838840,271,https://github.com/mobilecoinfoundation/sgx,0.3.0
648341,mc-sgx-urts-sys-types,2022-10-20 21:13:11.837273,2022-08-18 21:23:16.587944,174,https://github.com/mobilecoinfoundation/sgx,0.3.0
648349,mc-sgx-tservice-sys-types,2022-10-20 21:11:26.517214,2022-08-18 21:30:47.335875,191,https://github.com/mobilecoinfoundation/sgx,0.3.0
648358,mc-sgx-dcap-ql-sys-types,2022-10-20 21:06:50.104789,2022-08-18 21:43:24.206100,191,https://github.com/mobilecoinfoundation/sgx,0.3.0
648359,mc-sgx-dcap-quoteverify-sys-types,2022-10-20 21:08:37.768197,2022-08-18 21:44:16.008590,241,https://github.com/mobilecoinfoundation/sgx,0.3.0
648360,mc-sgx-capable-sys-types,2022-10-20 21:04:53.807784,2022-08-18 21:45:05.686865,188,https://github.com/mobilecoinfoundation/sgx,0.3.0
648361,mc-sgx-tstdc-sys,2022-10-20 21:12:55.113743,2022-08-18 21:45:56.538809,111,https://github.com/mobilecoinfoundation/sgx,0.3.0
648362,mc-sgx-trts-sys,2022-10-20 21:10:48.927880,2022-08-18 21:46:47.831435,137,https://github.com/mobilecoinfoundation/sgx,0.3.0
648363,mc-sgx-tcrypto-sys,2022-10-20 21:10:33.415076,2022-08-18 21:47:38.798675,110,https://github.com/mobilecoinfoundation/sgx,0.3.0
648365,mc-sgx-tservice-sys,2022-10-20 21:11:43.687766,2022-08-18 21:49:52.236400,132,https://github.com/mobilecoinfoundation/sgx,0.3.0
648366,mc-sgx-urts-sys,2022-10-20 21:13:28.948149,2022-08-18 21:50:12.273136,127,https://github.com/mobilecoinfoundation/sgx,0.3.0
648371,mc-sgx-dcap-ql-sys,2022-10-20 21:07:26.140959,2022-08-18 22:03:56.010886,133,https://github.com/mobilecoinfoundation/sgx,0.3.0
648375,mc-sgx-dcap-quoteverify-sys,2022-10-20 21:09:07.115537,2022-08-18 22:08:01.629151,131,https://github.com/mobilecoinfoundation/sgx,0.3.0
648376,mc-sgx-dcap-tvl-sys,2022-10-20 21:09:58.571456,2022-08-18 22:10:13.933004,111,https://github.com/mobilecoinfoundation/sgx,0.3.0
648380,mc-sgx-capable-sys,2022-10-20 21:05:27.197204,2022-08-18 22:14:53.825654,128,https://github.com/mobilecoinfoundation/sgx,0.3.0
652619,alpm-sys-ll,2022-08-26 08:28:35.601019,2022-08-26 08:28:35.601019,123,http://github.com/32Bites/alpm-ll.rs,3.0.0
658500,nanocom,2022-10-24 18:02:50.090150,2022-09-05 00:30:12.458585,108,https://github.com/functionalscript/functionalscript,0.2.0
665736,rtss-sys,2022-09-14 11:55:36.391098,2022-09-14 11:55:36.391098,28,https://github.com/ShayBox/RTSS-SYS,0.1.0
668489,winfsp-sys,2022-09-23 06:21:49.912677,2022-09-18 05:25:18.821964,301,https://github.com/SnowflakePowered/winfsp-rs,0.1.4+winfsp-1.11
669065,icrate,2022-09-19 11:31:57.736643,2022-09-19 11:31:57.736643,23,https://github.com/madsmtm/objc2,0.0.0
669066,appel,2022-09-19 11:32:18.876991,2022-09-19 11:32:18.876991,23,https://github.com/madsmtm/objc2,0.0.0
669067,ilib,2022-09-19 11:33:16.317678,2022-09-19 11:33:16.317678,23,https://github.com/madsmtm/objc2,0.0.0
669068,frameworks,2022-09-19 11:34:30.078485,2022-09-19 11:34:30.078485,23,https://github.com/madsmtm/objc2,0.0.0
674399,libpicnic-sys,2022-09-26 18:55:13.084030,2022-09-26 18:55:13.084030,118,https://github.com/ait-crypto/picnic-bindings-rs,0.1.0+3.0.18
677690,rvvm-sys,2022-10-01 09:21:39.080684,2022-10-01 07:28:42.176777,127,https://github.com/kvxmmu/rvvm-sys,0.2.4
677819,sleef-trig-sys,2022-10-01 13:11:43.552009,2022-10-01 13:11:43.552009,51,https://github.com/greatest-ape/sleef-trig,0.1.0
678556,flipper0,2022-10-22 17:35:24.279011,2022-10-02 20:15:59.085187,319,https://github.com/boozook/flipper0.git,0.3.4
679009,flipper0-sys,2022-10-22 17:34:01.076223,2022-10-03 13:48:23.904202,298,https://github.com/boozook/flipper0.git,0.2.10
680787,minimap2-sys,2022-10-07 02:42:35.731474,2022-10-05 22:36:06.395988,137,https://github.com/jguhlin/minimap2-rs,0.1.5
681163,astarte_sdk,2022-10-06 10:48:05.427870,2022-10-06 10:48:05.427870,24,https://github.com/astarte-platform/astarte-device-sdk-rust,0.1.0
683315,thindx-xaudio2-sys,2022-10-10 18:50:24.062057,2022-10-08 04:07:08.448541,68,https://github.com/MaulingMonkey/thindx-xaudio2,0.0.0-2022-10-10
689606,bindgen-cli,2022-10-16 19:55:17.047521,2022-10-16 19:55:17.047521,2162,https://github.com/rust-lang/rust-bindgen,0.61.0
690547,mujoco-rs-sys,2022-10-18 01:35:04.858814,2022-10-18 01:35:04.858814,33,https://github.com/aaronlaw1215/MuJoCo-Rust,0.0.2
691788,lua-latest-sys,2022-10-20 16:36:42.908465,2022-10-19 16:58:38.959208,75,https://github.com/jakobzs/lua-latest-sys,0.0.2
692529,libmdb-sys,2022-10-20 15:26:51.734259,2022-10-20 15:26:51.734259,33,,0.1.0
693857,substreams-entity-change,2022-10-21 19:43:41.123504,2022-10-21 19:43:41.123504,37,https://github.com/streamingfast/substreams-entity-change,0.1.0
693894,ogg_next_sys,2022-10-21 21:24:33.388983,2022-10-21 20:47:36.200653,188,https://github.com/ComunidadAylas/vorbis-rs,0.1.1
693922,aotuv_lancer_vorbis_sys,2022-10-21 21:26:15.562603,2022-10-21 21:26:15.562603,160,https://github.com/ComunidadAylas/vorbis-rs,0.1.0
695111,suitesparse_graphblas_sys,2022-10-23 09:43:47.016860,2022-10-23 09:40:21.084357,41,https://github.com/code-sam/graphblas_sparse_linear_algebra,0.1.1
700227,librocksdb-sysx,2022-10-28 07:56:08.976874,2022-10-28 07:56:08.976874,21,https://github.com/rust-rocksdb/rust-rocksdb,0.8.0+7.4.4
